bloom_hashes,bitmap_bytes_per_vector,threshold_pct,mode,recall_pct,searching_time_sec,qps,bitmap_rejections,exact_rejections,missed_rejections
1,64,5,timing,98.505730659,1.086700838,6423.11090221,,,
1,64,5,audit,98.505730659,2.180943812,3200.44925577,1336793,32886413,31549620
1,64,10,timing,98.4957020057,1.098429635,6354.52629608,,,
1,64,10,audit,98.4957020057,2.203417183,3167.80682925,9133880,63271129,54137249
1,64,15,timing,98.4169054441,1.047537957,6663.24303893,,,
1,64,15,audit,98.4169054441,2.171178458,3214.84398221,27391605,92115627,64724022
2,64,5,timing,98.505730659,1.097869937,6357.76585619,,,
2,64,5,audit,98.505730659,2.198163605,3175.37783999,9828710,32662884,22834174
2,64,10,timing,98.4326647564,1.056104374,6609.1952385,,,
2,64,10,audit,98.4326647564,2.176678974,3206.72000023,31979549,62444038,30464489
2,64,15,timing,98.2435530086,0.961761934,7257.51327147,,,
2,64,15,audit,98.2435530086,2.121833233,3289.60819891,59765274,91757177,31991903
3,64,5,timing,98.4914040115,1.112003745,6276.95727769,,,
3,64,5,audit,98.4914040115,2.213501666,3153.37463134,15469474,32366625,16897151
3,64,10,timing,98.3753581662,1.064778018,6555.35696831,,,
3,64,10,audit,98.3753581662,2.187782081,3190.44573069,40598468,61721751,21123283
3,64,15,timing,98.1790830946,0.980969087,7115.41280199,,,
3,64,15,audit,98.1790830946,2.134750587,3269.7028133,69449142,91368682,21919540
