bitmap_bytes_per_vector,threshold_pct,bitmap_matrix,M,ef_construction,ef,alpha,beta,quantize,seed_top_k,seed_terms,seed_per_term,threads,queries,k,recall_pct,searching_time_sec,qps,indexing_time_sec,graph_indexing_time_sec,pruning_time_sec,bitmap_build_time_sec,bitmap_storage_bytes,eligible_neighbors,bitmap_rejections,exact_rejections,missed_rejections,missed_rejection_pct,both_pass,bitmap_only_reject,both_reject,false_rejection_pct,audit_search_time_sec,predictions_identical
128,5,pruned,32,200,1600,0.85,4,1,8,8,4,64,6980,10,98.4957020057,1.255145728,5561.1072438,486.352305893,486.20967092,60.308142055,0.142634973,1131753344,160572240,468737,32904562,32437000,98.5790359404,127666503,1175,467562,0.000920358244473,2.388856832,1
128,10,pruned,32,200,1600,0.85,4,1,8,8,4,64,6980,10,98.4957020057,1.234408011,5654.53232464,486.268286052,486.20967092,60.308142055,0.058615132,1131753344,160863712,4843229,63375926,58545807,92.378621813,97474676,13110,4830119,0.013447838481,2.371312778,1
128,15,pruned,32,200,1600,0.85,4,1,8,8,4,64,6980,10,98.4255014327,1.165886585,5986.86020562,486.268594632,486.20967092,60.308142055,0.058923712,1131753344,161937353,18984241,92395657,73463928,79.5101527337,69489184,52512,18931729,0.0755115319592,2.314924288,1
256,5,pruned,32,200,1600,0.85,4,1,8,8,4,64,6980,10,98.4957020057,1.459371693,4782.88021721,486.482313648,486.20967092,60.308142055,0.272642728,2263506688,160639507,3495715,32847178,29355582,89.3701796848,127788210,4119,3491596,0.00322319816239,2.614855428,1
256,10,pruned,32,200,1600,0.85,4,1,8,8,4,64,6980,10,98.4512893983,1.378551107,5063.28707333,486.303047896,486.20967092,60.308142055,0.093376976,2263506688,161345910,19059759,62982930,43943768,69.7709172946,98342383,20597,19039162,0.0209397885261,2.53441378,1
256,15,pruned,32,200,1600,0.85,4,1,8,8,4,64,6980,10,98.287965616,1.239672844,5630.51778845,486.302464821,486.20967092,60.308142055,0.092793901,2263506688,163203708,45012157,92030431,47077696,51.1544882366,71113855,59422,44952735,0.0834892005886,2.398279385,1
512,5,pruned,32,200,1600,0.85,4,1,8,8,4,64,6980,10,98.4813753582,1.912129195,3650.38095661,486.732207765,486.20967092,60.308142055,0.522536845,4527013376,160744429,10765761,32601455,21841773,66.9963135081,128136895,6079,10759682,0.00474391986563,2.995894051,1
512,10,pruned,32,200,1600,0.85,4,1,8,8,4,64,6980,10,98.3911174785,1.780023879,3921.29570976,486.380089277,486.20967092,60.308142055,0.170418357,4527013376,161774398,35198233,61939370,26774980,43.2277241438,99801185,33843,35164390,0.0338989237325,2.86841044,1
512,15,pruned,32,200,1600,0.85,4,1,8,8,4,64,6980,10,98.1876790831,1.607181193,4343.00751552,486.379423304,486.20967092,60.308142055,0.169752384,4527013376,164234244,64690307,91155262,26548160,29.1241113431,72995777,83205,64607102,0.113856265814,2.756367826,1
