bitmap_bytes_per_vector,threshold_pct,mode,recall_pct,searching_time_sec,qps,bitmap_rejections,exact_rejections,missed_rejections
128,5,timing,98.4957020057,1.255145728,5561.1072438,,,
128,5,audit,98.4957020057,2.388856832,2921.89967456,468737,32904562,32437000
128,10,timing,98.4957020057,1.234408011,5654.53232464,,,
128,10,audit,98.4957020057,2.371312778,2943.51722167,4843229,63375926,58545807
128,15,timing,98.4255014327,1.165886585,5986.86020562,,,
128,15,audit,98.4255014327,2.314924288,3015.21740308,18984241,92395657,73463928
256,5,timing,98.4957020057,1.459371693,4782.88021721,,,
256,5,audit,98.4957020057,2.614855428,2669.36363872,3495715,32847178,29355582
256,10,timing,98.4512893983,1.378551107,5063.28707333,,,
256,10,audit,98.4512893983,2.53441378,2754.08856087,19059759,62982930,43943768
256,15,timing,98.287965616,1.239672844,5630.51778845,,,
256,15,audit,98.287965616,2.398279385,2910.41988004,45012157,92030431,47077696
512,5,timing,98.4813753582,1.912129195,3650.38095661,,,
512,5,audit,98.4813753582,2.995894051,2329.85542251,10765761,32601455,21841773
512,10,timing,98.3911174785,1.780023879,3921.29570976,,,
512,10,audit,98.3911174785,2.86841044,2433.40349856,35198233,61939370,26774980
512,15,timing,98.1876790831,1.607181193,4343.00751552,,,
512,15,audit,98.1876790831,2.756367826,2532.31805065,64690307,91155262,26548160
