bloom_hashes,bitmap_bytes_per_vector,threshold_pct,bitmap_matrix,M,ef_construction,ef,alpha,beta,quantize,seed_top_k,seed_terms,seed_per_term,threads,queries,k,recall_pct,searching_time_sec,qps,indexing_time_sec,graph_indexing_time_sec,pruning_time_sec,bitmap_build_time_sec,bitmap_storage_bytes,eligible_neighbors,bitmap_rejections,exact_rejections,missed_rejections,missed_rejection_pct,both_pass,bitmap_only_reject,both_reject,false_rejection_pct,audit_search_time_sec,predictions_identical
2,64,5,pruned,32,200,1600,0.85,4,1,8,8,4,64,6980,10,98.4914040115,1.098241919,6355.6124377,486.461038247,486.373921583,60.3251964,0.087116664,565876672,160781376,9830806,32667757,22836951,69.906700359,128113619,0,9830806,0,2.237628467,1
2,64,10,pruned,32,200,1600,0.85,4,1,8,8,4,64,6980,10,98.4226361032,1.057902248,6597.96310405,486.417537226,486.373921583,60.3251964,0.043615643,565876672,161847543,31980611,62446640,30466029,48.7872990444,99400903,0,31980611,0,2.213642162,1
2,64,15,pruned,32,200,1600,0.85,4,1,8,8,4,64,6980,10,98.2263610315,0.965774737,7227.35823644,486.417335525,486.373921583,60.3251964,0.043413942,565876672,164131554,59767526,91760244,31992718,34.8655546295,72371310,0,59767526,0,2.153724103,1
2,64,20,pruned,32,200,1600,0.85,4,1,8,8,4,64,6980,10,97.8252148997,0.85802054,8135.00338815,486.417433966,486.373921583,60.3251964,0.043512383,565876672,168593346,91958448,121220554,29262106,24.1395580489,47372792,0,91958448,0,2.086586603,1
2,64,25,pruned,32,200,1600,0.85,4,1,8,8,4,64,6980,10,97.3065902579,0.774563832,9011.52327495,486.417358009,486.373921583,60.3251964,0.043436426,565876672,175762253,124192369,147221009,23028640,15.6422239981,28541244,0,124192369,0,2.054222791,1
2,64,30,pruned,32,200,1600,0.85,4,1,8,8,4,64,6980,10,96.6776504298,0.714153871,9773.80405462,486.417618945,486.373921583,60.3251964,0.043697362,565876672,185503471,153497788,169170655,15672867,9.26453054166,16332816,0,153497788,0,2.060703822,1
2,64,35,pruned,32,200,1600,0.85,4,1,8,8,4,64,6980,10,95.8467048711,0.684001961,10204.6491063,486.417690526,486.373921583,60.3251964,0.043768943,565876672,198196438,180586301,189633722,9047421,4.77099795573,8562716,0,180586301,0,2.119425214,1
3,64,5,pruned,32,200,1600,0.85,4,1,8,8,4,64,6980,10,98.4770773639,1.107655143,6301.60031677,486.429544737,486.373921583,60.3251964,0.055623154,565876672,160887903,15470064,32367274,16897210,52.2046125973,128520629,0,15470064,0,2.245235781,1
3,64,10,pruned,32,200,1600,0.85,4,1,8,8,4,64,6980,10,98.3567335244,1.060517193,6581.69433374,486.42995854,486.373921583,60.3251964,0.056036957,565876672,162175607,40596864,61719624,21122760,34.2237340914,100455983,0,40596864,0,2.216155557,1
3,64,15,pruned,32,200,1600,0.85,4,1,8,8,4,64,6980,10,98.1489971347,0.972331317,7178.62304542,486.429663537,486.373921583,60.3251964,0.055741954,565876672,164892598,69447568,91363758,21916190,23.9878377157,73528840,0,69447568,0,2.159793408,1
3,64,20,pruned,32,200,1600,0.85,4,1,8,8,4,64,6980,10,97.7077363897,0.889662959,7845.66776597,486.42932479,486.373921583,60.3251964,0.055403207,565876672,170128367,101959492,121814479,19854987,16.2993653653,48313888,0,101959492,0,2.110860756,1
3,64,25,pruned,32,200,1600,0.85,4,1,8,8,4,64,6980,10,97.1332378223,0.826833111,8441.84867193,486.429441948,486.373921583,60.3251964,0.055520365,565876672,178159153,133676312,149026849,15350537,10.3005177275,29132304,0,133676312,0,2.095490504,1
3,64,30,pruned,32,200,1600,0.85,4,1,8,8,4,64,6980,10,96.4455587393,0.78875539,8849.38485175,486.429402702,486.373921583,60.3251964,0.055481119,565876672,188868424,162064145,172212592,10148447,5.89297616518,16655832,0,162064145,0,2.126025821,1
3,64,35,pruned,32,200,1600,0.85,4,1,8,8,4,64,6980,10,95.7020057307,0.778806055,8962.43673914,486.429644245,486.373921583,60.3251964,0.055722662,565876672,202145195,187790851,193431991,5641140,2.91634282976,8713204,0,187790851,0,2.205002801,1
4,64,5,pruned,32,200,1600,0.85,4,1,8,8,4,64,6980,10,98.4727793696,1.119165018,6236.79250847,486.442965058,486.373921583,60.3251964,0.069043475,565876672,160942611,17710025,32217283,14507258,45.0294272177,128725328,0,17710025,0,2.261951253,1
4,64,10,pruned,32,200,1600,0.85,4,1,8,8,4,64,6980,10,98.340974212,1.067910179,6536.13022636,486.442718318,486.373921583,60.3251964,0.068796735,565876672,162344060,43327683,61491247,18163564,29.538454473,100852813,0,43327683,0,2.239592119,1
4,64,15,pruned,32,200,1600,0.85,4,1,8,8,4,64,6980,10,98.1088825215,0.990145705,7049.46753266,486.442880507,486.373921583,60.3251964,0.068958924,565876672,165262374,72278501,91338485,19059984,20.8674185914,73923889,0,72278501,0,2.190127851,1
4,64,20,pruned,32,200,1600,0.85,4,1,8,8,4,64,6980,10,97.6876790831,0.920009488,7586.87827793,486.442957125,486.373921583,60.3251964,0.069035542,565876672,170794773,104738352,122178360,17440008,14.2742200828,48616413,0,104738352,0,2.155277235,1
4,64,25,pruned,32,200,1600,0.85,4,1,8,8,4,64,6980,10,97.1260744986,0.866409411,8056.23751471,486.443020668,486.373921583,60.3251964,0.069099085,565876672,179145996,136210428,149836247,13625819,9.0938069211,29309749,0,136210428,0,2.155979416,1
4,64,30,pruned,32,200,1600,0.85,4,1,8,8,4,64,6980,10,96.3753581662,0.840288453,8306.67132826,486.443556467,486.373921583,60.3251964,0.069634884,565876672,190140109,164315503,173390215,9074712,5.23369326233,16749894,0,164315503,0,2.205954344,1
4,64,35,pruned,32,200,1600,0.85,4,1,8,8,4,64,6980,10,95.6074498567,0.837326138,8336.05889417,486.442873052,486.373921583,60.3251964,0.068951469,565876672,203587475,189770736,194828873,5058137,2.59619476421,8758602,0,189770736,0,2.285738051,1
5,64,5,pruned,32,200,1600,0.85,4,1,8,8,4,64,6980,10,98.4770773639,1.144778037,6097.25184656,486.455947447,486.373921583,60.3251964,0.082025864,565876672,160955656,18462112,32141622,13679510,42.5601109988,128814034,0,18462112,0,2.281627418,1
5,64,10,pruned,32,200,1600,0.85,4,1,8,8,4,64,6980,10,98.3467048711,1.108634093,6296.03585536,486.455633068,486.373921583,60.3251964,0.081711485,565876672,162431108,44000293,61440316,17440023,28.3853081094,100990792,0,44000293,0,2.269467186,1
5,64,15,pruned,32,200,1600,0.85,4,1,8,8,4,64,6980,10,98.0916905444,1.052104273,6634.32340228,486.45580434,486.373921583,60.3251964,0.081882757,565876672,165456414,72890884,91431418,18540534,20.2780777172,74024996,0,72890884,0,2.229796893,1
5,64,20,pruned,32,200,1600,0.85,4,1,8,8,4,64,6980,10,97.676217765,1.000124107,6979.13384064,486.455749364,486.373921583,60.3251964,0.081827781,565876672,171092771,105233157,122413142,17179985,14.034428591,48679629,0,105233157,0,2.208296096,1
5,64,25,pruned,32,200,1600,0.85,4,1,8,8,4,64,6980,10,97.100286533,0.963524528,7244.23696249,486.45585086,486.373921583,60.3251964,0.081929277,565876672,179527920,136548685,150180475,13631790,9.07693892964,29347445,0,136548685,0,2.217984665,1
5,64,30,pruned,32,200,1600,0.85,4,1,8,8,4,64,6980,10,96.3739255014,0.947471466,7366.9764742,486.455771296,486.373921583,60.3251964,0.081849713,565876672,190637768,164613058,173864926,9251868,5.32129637233,16772842,0,164613058,0,2.275032299,1
5,64,35,pruned,32,200,1600,0.85,4,1,8,8,4,64,6980,10,95.6203438395,0.95396574,7316.8246063,486.456021322,486.373921583,60.3251964,0.082099739,565876672,204242193,190216843,195470998,5254155,2.68794606553,8771195,0,190216843,0,2.370266108,1
